City_ID,City,Lat,Lng,Max Temp,Humidity,Cloudiness,Wind Speed,Country,Date
0,dikson,73.5069,80.5464,-32.099999999999966,99,39,1.32,RU,1680973136
1,mossendjo,-2.9506,12.7261,23.900000000000034,90,100,0.87,CG,1680973136
2,port augusta,-32.5,137.7667,15.520000000000039,69,12,4.17,AU,1680973136
3,arraial do cabo,-22.9661,-42.0278,24.980000000000018,100,100,2.57,BR,1680973136
4,deputatskiy,69.3,139.9,-28.389999999999986,100,100,1.04,RU,1680973136
5,pevek,69.7008,170.3133,-31.42999999999998,100,97,2.12,RU,1680973137
6,atuona,-9.8,-139.0333,27.210000000000036,68,25,7.59,PF,1680973137
7,ushuaia,-54.8,-68.3,9.810000000000002,57,75,7.72,AR,1680973137
8,terryville,40.909,-73.0651,9.990000000000009,39,100,6.17,US,1680973137
9,tiksi,71.6872,128.8694,-22.119999999999976,100,76,2.46,RU,1680973137
10,east london,-33.0153,27.9116,19.52000000000004,94,100,4.63,ZA,1680972970
11,qaanaaq,77.484,-69.3632,-22.569999999999965,76,0,2.45,GL,1680973138
12,yerbogachen,61.2767,108.0108,-17.519999999999982,93,73,4.4,RU,1680973138
13,castro,-24.7911,-50.0119,18.620000000000005,88,100,1.79,BR,1680973138
14,nome,64.5011,-165.4064,-33.95999999999998,83,0,0.0,US,1680973139
15,new norfolk,-42.7826,147.0587,7.720000000000027,75,77,1.34,AU,1680973139
16,rikitea,-23.1203,-134.9692,24.57000000000005,64,74,8.18,PF,1680973049
17,saint-philippe,-21.3585,55.7679,26.77000000000004,79,100,3.49,RE,1680973139
18,grindavik,63.8424,-22.4338,9.260000000000048,81,40,13.38,IS,1680973139
19,clyde river,70.4692,-68.5914,-18.869999999999976,78,100,15.43,CA,1680973139
20,hermanus,-34.4187,19.2345,14.890000000000043,65,100,2.4,ZA,1680972854
21,cherskiy,68.75,161.3,-29.069999999999965,100,83,1.23,RU,1680973140
22,port alfred,-33.5906,26.891,17.879999999999995,96,94,0.89,ZA,1680973140
23,chuy,-33.6971,-53.4616,23.77000000000004,54,8,3.61,UY,1680973140
24,dali,25.7,100.1833,13.600000000000023,46,0,2.58,CN,1680973140
25,nioro,13.35,-15.75,38.48000000000002,11,62,2.91,GM,1680973140
26,busselton,-33.65,115.3333,15.610000000000014,76,84,3.11,AU,1680972915
27,hilo,19.7297,-155.09,20.340000000000032,89,40,4.12,US,1680973141
28,beringovskiy,63.05,179.3167,-19.71999999999997,98,78,1.99,RU,1680973141
29,butaritari,3.0707,172.7902,27.100000000000023,83,43,7.12,KI,1680973141
30,ilulissat,69.2167,-51.1,-9.779999999999973,91,98,3.5,GL,1680973141
31,burlatskoye,45.0564,43.635,12.180000000000007,70,100,0.97,RU,1680973142
32,macklin,52.3334,-109.9348,2.1899999999999977,100,78,3.2,CA,1680973142
33,kapaa,22.0752,-159.319,23.180000000000007,86,75,7.72,US,1680973143
34,tasiilaq,65.6145,-37.6368,0.4700000000000273,97,100,12.59,GL,1680973143
35,blora,-6.9698,111.4186,23.560000000000002,93,100,2.71,ID,1680973144
36,norman wells,65.282,-126.8329,-8.979999999999961,73,75,2.06,CA,1680973145
37,peniche,39.3558,-9.3811,22.27000000000004,72,71,3.98,PT,1680973145
38,goderich,43.7501,-81.7165,4.9500000000000455,60,85,4.63,CA,1680973034
39,port blair,11.6667,92.75,28.02000000000004,83,40,0.0,IN,1680973146
40,khatanga,71.9667,102.5,-22.289999999999964,96,99,3.74,RU,1680973146
41,punta arenas,-53.15,-70.9167,11.060000000000002,58,20,16.98,CL,1680973147
42,boulder city,35.9786,-114.8325,19.77000000000004,26,0,0.0,US,1680973147
43,portland,45.5234,-122.6762,10.850000000000023,81,100,4.63,US,1680973132
44,port elizabeth,-33.918,25.5701,18.390000000000043,89,100,5.14,ZA,1680973148
45,upernavik,72.7868,-56.1549,-23.119999999999976,87,100,7.48,GL,1680973148
46,nanchang,28.6833,115.8833,14.930000000000007,58,4,1.39,CN,1680973148
47,pacifica,37.6138,-122.4869,14.480000000000018,81,75,3.09,US,1680972959
48,jamestown,42.097,-79.2353,8.900000000000034,38,0,2.24,US,1680972945
49,cape town,-33.9258,18.4232,16.230000000000018,65,75,7.2,ZA,1680972919
50,ust-maya,60.4167,134.5333,-3.8999999999999773,82,100,4.8,RU,1680973149
51,lebu,-37.6167,-73.65,16.77000000000004,59,26,4.79,CL,1680973150
52,puerto ayora,-0.7393,-90.3518,29.980000000000018,84,80,2.24,EC,1680973150
53,bandarbeyla,9.4942,50.8122,28.04000000000002,70,2,4.57,SO,1680973151
54,guerrero negro,27.9769,-114.0611,17.610000000000014,59,12,5.62,MX,1680973151
55,kruisfontein,-34.0033,24.7314,17.160000000000025,88,100,5.98,ZA,1680973151
56,camacha,33.0833,-16.3333,17.680000000000007,52,20,3.09,PT,1680973152
57,jacqueville,5.2052,-4.4146,28.30000000000001,77,74,5.76,CI,1680973152
58,shimoda,34.6667,138.95,7.840000000000032,57,0,6.43,JP,1680973152
59,yondo,7.0062,-73.9097,27.27000000000004,78,75,1.54,CO,1680973153
60,morondava,-20.2833,44.2833,26.890000000000043,76,97,2.75,MG,1680973153
61,almendralejo,38.6832,-6.4075,27.960000000000036,13,6,2.23,ES,1680973154
62,marzuq,14.4,46.4667,23.210000000000036,62,26,4.67,YE,1680973154
63,bredasdorp,-34.5322,20.0403,15.640000000000043,63,100,1.54,ZA,1680973154
64,dubrovnik,42.6481,18.0922,12.800000000000011,58,0,2.06,HR,1680972994
65,waipawa,-41.4122,175.5153,10.379999999999995,90,100,2.74,NZ,1680973155
66,coihaique,-45.5752,-72.0662,12.970000000000027,44,0,3.6,CL,1680972976
67,albany,42.6001,-73.9662,8.350000000000023,30,12,2.24,US,1680972980
68,airai,-8.9266,125.4092,14.720000000000027,95,100,0.47,TL,1680973156
69,hiroshima,34.3963,132.4594,8.879999999999995,73,6,1.64,JP,1680973156
70,padang,-0.9492,100.3543,25.189999999999998,85,90,1.58,ID,1680973157
71,miatli,43.0817,46.8286,10.400000000000034,85,100,1.54,RU,1680973157
72,mataura,-46.1927,168.8643,5.2900000000000205,96,100,1.32,NZ,1680973157
73,belaya gora,68.5333,146.4167,-26.22999999999999,100,80,2.04,RU,1680973158
74,chokurdakh,70.6333,147.9167,-24.68999999999997,97,81,2.7,RU,1680973158
75,ceres,37.5949,-120.9577,16.100000000000023,77,0,2.57,US,1680973159
76,rurrenabaque,-14.4413,-67.5278,29.860000000000014,48,99,2.44,BO,1680973159
77,saldanha,-33.0117,17.9442,17.03000000000003,67,63,8.61,ZA,1680973159
78,chaman,30.9236,66.4512,20.5,25,0,0.88,PK,1680973160
79,srandakan,-7.9386,110.2506,24.80000000000001,87,70,1.81,ID,1680973160
80,olafsvik,64.8945,-23.7142,6.740000000000009,80,79,10.62,IS,1680973161
81,pangnirtung,66.1451,-65.7125,-23.99999999999997,84,0,2.57,CA,1680973161
82,doka,13.5167,35.7667,35.69,13,81,4.56,SD,1680973161
83,bluff,-46.6,168.3333,8.550000000000011,88,100,3.34,NZ,1680973162
84,zhanaozen,43.3,52.8,16.900000000000034,43,96,1.59,KZ,1680973162
85,mount pleasant,32.7941,-79.8626,12.990000000000009,96,100,4.63,US,1680973162
86,benguela,-12.5763,13.4055,27.53000000000003,79,97,2.54,AO,1680973163
87,bambous virieux,-20.3428,57.7575,26.140000000000043,89,40,3.6,MU,1680973163
88,cacule,-14.5033,-42.2222,36.29000000000002,25,37,2.67,BR,1680973163
89,iqaluit,63.7506,-68.5145,-18.149999999999977,65,75,8.23,CA,1680973163
90,jacareacanga,-6.2222,-57.7528,28.07000000000005,80,97,0.82,BR,1680973164
91,vao,-22.6667,167.4833,25.150000000000034,75,1,4.42,NC,1680973164
92,abramovka,51.1886,41.0202,9.400000000000034,54,87,4.34,RU,1680973164
93,jackson,42.4165,-122.8345,8.970000000000027,80,40,0.0,US,1680973165
94,la ronge,55.1001,-105.2842,1.1400000000000432,55,0,4.63,CA,1680973165
95,madang,-5.2246,145.7966,24.07000000000005,90,100,1.33,PG,1680973165
96,roblin,51.23,-101.3565,-1.3599999999999568,86,14,6.34,CA,1680973165
97,hecun,36.5333,114.1111,13.050000000000011,45,0,2.5,CN,1680973166
98,gizo,-8.103,156.8419,27.879999999999995,78,95,3.09,SB,1680973166
99,beitbridge,-22.2167,30.0,29.25,26,1,2.72,ZW,1680973166
100,villazon,-22.0866,-65.5942,13.850000000000023,36,5,0.45,BO,1680973167
101,vaini,-21.2,-175.2,26.090000000000032,94,75,2.06,TO,1680973168
102,pangkalanbuun,-2.6833,111.6167,23.5,94,100,1.29,ID,1680973168
103,black river,18.0264,-77.8487,28.860000000000014,53,1,4.13,JM,1680973168
104,sychevka,55.8252,34.2736,7.240000000000009,57,9,1.78,RU,1680973169
105,dawlatabad,36.4141,64.9053,21.53000000000003,41,73,2.49,AF,1680973169
106,staryy nadym,65.6118,72.6842,-27.639999999999986,97,23,2.07,RU,1680973169
107,mikkeli,61.6886,27.2723,8.060000000000002,49,0,1.54,FI,1680973169
108,karratha,-20.7377,116.8463,28.54000000000002,48,46,4.32,AU,1680973170
109,klaksvik,62.2266,-6.589,9.510000000000048,87,95,12.18,FO,1680973170
110,lodeynoye pole,60.726,33.5531,-0.17999999999994998,97,9,1.38,RU,1680972946
111,cozumel,20.5083,-86.9458,29.970000000000027,61,0,4.02,MX,1680973171
112,sivaki,52.6333,126.75,0.28000000000002956,46,67,5.48,RU,1680973171
113,marica,-22.9194,-42.8186,24.950000000000045,88,98,5.33,BR,1680972958
114,sechura,-5.5569,-80.8222,29.410000000000025,63,76,1.91,PE,1680973172
115,luderitz,-26.6481,15.1594,17.200000000000045,63,100,13.31,NA,1680973172
116,lagoa,39.05,-27.9833,14.310000000000002,67,100,11.14,PT,1680973172
117,varberg,57.1056,12.2508,13.460000000000036,69,93,3.01,SE,1680973172
118,roberval,48.5168,-72.2324,-1.75,54,75,2.06,CA,1680973173
119,urubicha,-15.3833,-62.95,27.840000000000032,52,95,2.9,BO,1680973173
120,hamilton,39.1834,-84.5333,12.090000000000032,39,100,7.72,US,1680973080
121,harsin,34.2721,47.5861,16.450000000000045,44,64,1.94,IR,1680973174
122,ouro preto,-20.3948,-43.5052,23.150000000000034,76,86,1.48,BR,1680973174
123,pitimbu,-7.4706,-34.8086,30.33000000000004,69,88,4.56,BR,1680973174
124,camana,-16.6228,-72.7111,25.5,64,7,3.55,PE,1680973175
125,nishihara,26.1842,127.7558,15.600000000000023,59,20,4.63,JP,1680973175
126,sao joao da barra,-21.6403,-41.0511,30.05000000000001,75,77,1.52,BR,1680973175
127,alamosa,37.4695,-105.87,7.990000000000009,31,0,2.57,US,1680973062
128,shingu,33.7333,135.9833,6.860000000000014,60,0,2.26,JP,1680973176
129,nikolskoye,59.7035,30.7861,9.939999999999998,95,29,2.06,RU,1680973176
130,paranhos,-23.8928,-55.4311,26.210000000000036,62,50,1.5,BR,1680973177
131,chumikan,54.7183,135.315,-11.67999999999995,98,100,0.48,RU,1680973177
132,genhe,50.7833,121.5167,-0.9899999999999523,74,81,0.26,CN,1680973178
133,ossora,59.2353,163.0719,-7.759999999999991,95,100,2.58,RU,1680973178
134,jalu,29.0331,21.5482,25.110000000000014,28,16,2.58,LY,1680973178
135,mahanje,-9.9333,35.3333,19.05000000000001,96,87,1.38,TZ,1680973179
136,eureka,40.8021,-124.1637,11.78000000000003,84,100,0.89,US,1680973021
137,camara de lobos,32.6333,-16.9667,20.07000000000005,69,75,3.09,PT,1680973179
138,alofi,-19.0595,-169.9187,22.939999999999998,94,40,1.54,NU,1680973179
139,adrar,20.5022,-10.0711,32.56,12,94,4.26,MR,1680973179
140,novyy urengoy,66.0833,76.6333,-27.149999999999977,91,6,4.82,RU,1680973180
141,longyearbyen,78.2186,15.6401,-8.089999999999975,73,75,8.23,SJ,1680973180
142,kimbe,-5.5502,150.1429,24.060000000000002,95,100,0.9,PG,1680973180
143,port arthur,38.8,121.2667,12.120000000000005,65,4,5.68,CN,1680973180
144,carnarvon,-24.8667,113.6333,21.890000000000043,67,1,5.92,AU,1680973180
145,boden,65.8252,21.6886,6.0,98,98,3.0,SE,1680973181
146,nanortalik,60.1432,-45.2371,-0.6599999999999682,79,100,1.42,GL,1680973181
147,keuruu,62.2667,24.7,8.100000000000023,98,56,0.85,FI,1680973181
148,dalbandin,28.8947,64.4101,23.610000000000014,28,52,3.48,PK,1680973181
149,pisco,-13.7,-76.2167,26.680000000000007,78,20,4.12,PE,1680973181
150,nalut,30.3333,10.85,22.54000000000002,28,7,5.64,LY,1680973181
151,manadhoo,5.7667,73.3833,28.879999999999995,70,75,4.48,MV,1680973182
152,nybro,56.7446,15.9071,6.800000000000011,67,20,3.86,SE,1680973182
153,atikokan,48.7555,-91.6216,1.8100000000000023,87,5,3.17,CA,1680973182
154,kysyl-syr,63.8986,122.7617,-20.94999999999999,96,99,2.64,RU,1680973182
155,sitka,57.0531,-135.33,4.670000000000016,84,94,3.81,US,1680973183
156,vila velha,-20.3297,-40.2925,32.97000000000003,72,40,2.57,BR,1680973183
157,lucapa,-8.4192,20.7447,19.58000000000004,95,95,2.25,AO,1680973183
158,aklavik,68.2191,-135.0107,-23.99999999999997,84,40,2.06,CA,1680973183
159,khandyga,62.6667,135.6,-7.259999999999991,79,100,3.31,RU,1680973183
160,hofn,64.2539,-15.2082,6.100000000000023,89,98,1.96,IS,1680973184
161,abu samrah,35.3029,37.1841,18.33000000000004,29,98,2.93,SY,1680973184
162,entre rios,-11.9419,-38.0844,27.99000000000001,72,98,2.89,BR,1680973184
163,llangefni,53.2556,-4.3106,14.25,55,75,4.12,GB,1680973184
164,hobart,-42.8794,147.3294,7.920000000000016,83,75,5.66,AU,1680973184
165,victoria,22.2855,114.1577,20.74000000000001,82,57,7.16,HK,1680973184
166,kodiak,57.79,-152.4072,-2.349999999999966,65,100,4.76,US,1680973185
167,bahia blanca,-38.7196,-62.2724,28.79000000000002,36,27,4.92,AR,1680973185
168,sulangan,11.1373,123.7228,27.02000000000004,79,78,8.64,PH,1680973185
169,kaitangata,-46.2817,169.8464,10.520000000000039,68,100,3.82,NZ,1680973185
170,ryotsu,38.0833,138.4333,5.210000000000036,57,80,11.11,JP,1680973186
171,bubaque,11.2833,-15.8333,25.730000000000018,71,54,8.9,GW,1680973186
172,mezen,65.8522,44.24,0.8799999999999955,87,100,4.3,RU,1680973186
173,qaqortoq,60.7167,-46.0333,-0.5199999999999818,79,79,1.41,GL,1680973186
174,rock sound,24.9,-76.2,24.400000000000034,78,3,5.94,BS,1680973115
175,popondetta,-8.7537,148.2534,23.420000000000016,91,100,1.26,PG,1680973186
176,port lincoln,-34.7333,135.8667,16.100000000000023,69,91,4.69,AU,1680973187
177,souillac,-20.5167,57.5167,26.210000000000036,89,40,3.6,MU,1680973187
178,pacific grove,36.6177,-121.9166,14.680000000000007,86,75,0.89,US,1680972976
179,malanville,11.8685,3.3899,40.76000000000005,11,72,2.85,BJ,1680973187
180,soyo,-6.1349,12.3689,28.129999999999995,80,87,4.89,AO,1680973187
181,erenhot,43.6475,111.9767,7.5400000000000205,20,4,5.38,CN,1680973187
182,san jeronimo,-11.9472,-75.2829,13.120000000000005,68,99,1.76,PE,1680973188
183,dingle,10.9995,122.6711,24.03000000000003,84,74,2.71,PH,1680973188
184,independence,39.0911,-94.4155,17.29000000000002,25,2,3.13,US,1680973188
185,mount darwin,-16.7725,31.5838,21.379999999999995,60,84,1.5,ZW,1680973188
186,hithadhoo,-0.6,73.0833,28.189999999999998,65,24,0.92,MV,1680973188
187,grand forks,47.9417,-97.4337,-7.039999999999964,93,0,1.54,US,1680973188
188,kinlochleven,56.7115,-4.9661,14.600000000000023,51,82,4.76,GB,1680973188
189,le vauclin,14.5452,-60.8388,29.03000000000003,61,40,10.29,MQ,1680973189
190,ostrovnoy,68.0531,39.5131,1.7800000000000296,97,100,9.45,RU,1680973189
191,westport,41.1415,-73.3579,10.470000000000027,31,0,2.68,US,1680972941
192,provideniya,64.3833,-173.3,-26.879999999999967,91,28,2.58,RU,1680973189
193,ambulu,-8.345,113.6058,24.480000000000018,86,100,1.3,ID,1680973189
194,salinopolis,-0.6136,-47.3561,26.33000000000004,84,89,2.57,BR,1680973190
195,hovd,48.0056,91.6419,4.890000000000043,31,30,9.26,MN,1680973190
196,sinnamary,5.3833,-52.95,28.100000000000023,64,94,3.92,GF,1680973190
197,solnechnyy,50.7214,136.6319,-5.449999999999989,87,50,1.32,RU,1680973190
198,jiaonan,35.8786,119.9753,9.480000000000018,70,50,3.99,CN,1680973190
199,aktau,43.65,51.2,14.32000000000005,67,100,3.74,KZ,1680973191
200,tigbinan,14.1865,122.4692,23.480000000000018,86,52,3.66,PH,1680973191
201,yar-sale,66.8333,70.8333,-28.98999999999998,100,58,1.4,RU,1680973191
202,kirakira,-10.4544,161.9205,26.600000000000023,84,17,2.62,SB,1680973191
203,hasaki,35.7333,140.8333,8.220000000000027,42,81,10.51,JP,1680973191
204,meulaboh,4.1363,96.1285,25.58000000000004,87,98,1.97,ID,1680973191
205,mar del plata,-38.0023,-57.5575,25.53000000000003,56,0,5.66,AR,1680973173
206,yaan,7.3833,8.5667,36.26000000000005,33,99,2.53,NG,1680973192
207,alugan,12.2188,125.4808,25.5,85,70,3.8,PH,1680973192
208,ampanihy,-24.7,44.75,24.140000000000043,81,41,3.67,MG,1680973192
209,lekoni,-1.5843,14.2591,29.410000000000025,57,61,1.25,GA,1680973193
210,ancud,-41.8697,-73.8203,14.050000000000011,57,78,0.1,CL,1680973193
211,margate,51.3813,1.3862,10.730000000000018,83,100,2.24,GB,1680973193
212,kalabo,-14.97,22.6814,23.79000000000002,47,87,0.68,ZM,1680973193
213,fairbanks,64.8378,-147.7164,-10.989999999999952,73,75,2.06,US,1680972926
214,oruro,-17.9833,-67.15,15.270000000000039,48,40,3.09,BO,1680973193
215,yellowknife,62.456,-114.3525,3.2900000000000205,70,20,3.6,CA,1680973193
216,wadi musa,30.3222,35.4793,23.27000000000004,16,3,1.41,JO,1680973102
217,kachiry,53.0675,76.1036,-2.009999999999991,45,58,4.25,KZ,1680973194
218,flinders,-34.5833,150.8552,16.77000000000004,63,5,4.02,AU,1680973194
219,mayor pablo lagerenza,-19.9309,-60.7718,31.360000000000014,33,1,3.4,PY,1680973194
220,ribeira grande,38.5167,-28.7,16.220000000000027,63,75,8.05,PT,1680973194
221,kedrovyy,56.1667,91.8167,-5.6299999999999955,75,53,5.31,RU,1680973195
222,hazorasp,41.3194,61.0742,19.910000000000025,28,2,2.41,UZ,1680973195
223,hobyo,5.3505,48.5268,28.410000000000025,66,39,6.09,SO,1680973195
224,vostok,46.4856,135.8833,-6.0,67,2,1.46,RU,1680973195
225,bengkulu,-3.8004,102.2655,24.400000000000034,90,92,1.68,ID,1680973195
226,uyuni,-20.4597,-66.825,14.670000000000016,30,4,1.03,BO,1680973196
227,karlovo,42.6333,24.8,10.670000000000016,82,93,1.13,BG,1680973196
228,namibe,-15.1961,12.1522,24.450000000000045,78,92,3.87,AO,1680973196
229,mahebourg,-20.4081,57.7,26.160000000000025,89,40,3.6,MU,1680972912
230,igrim,63.1906,64.4162,-1.2999999999999545,99,100,1.19,RU,1680973196
231,felanitx,39.4696,3.1483,18.29000000000002,61,7,3.43,ES,1680973196
232,mozarlandia,-14.7447,-50.5706,26.340000000000032,77,99,3.03,BR,1680973197
233,plainview,40.7765,-73.4673,9.890000000000043,35,0,2.68,US,1680972903
234,talavera de la reina,39.9635,-4.8308,24.840000000000032,26,44,2.94,ES,1680973197
235,amga,60.8953,131.9608,-9.67999999999995,94,100,4.26,RU,1680973197
236,gdov,58.7406,27.8122,4.310000000000002,83,89,4.28,RU,1680973197
237,baykit,61.67,96.37,-10.409999999999968,97,100,1.31,RU,1680973197
238,surgut,61.25,73.4167,-12.899999999999977,60,0,7.15,RU,1680972941
239,avarua,-21.2078,-159.775,27.03000000000003,78,40,3.6,CK,1680973198
240,mehamn,71.0357,27.8492,1.9700000000000273,75,100,7.72,NO,1680973198
241,tuktoyaktuk,69.4541,-133.0374,-25.99999999999997,84,75,3.09,CA,1680973198
242,esperance,-33.8667,121.9,15.210000000000036,84,96,6.06,AU,1680973198
243,kungurtug,50.5994,97.5228,-1.0399999999999636,98,100,0.73,RU,1680973199
244,cuyo,10.8525,121.0086,27.83000000000004,78,86,9.84,PH,1680973199
245,cidreira,-30.1811,-50.2056,22.200000000000045,73,88,4.91,BR,1680973199
246,west bay,19.3667,-81.4167,28.930000000000007,77,40,3.09,KY,1680973199
247,yahotyn,50.2798,31.7625,13.170000000000016,61,99,4.13,UA,1680973199
248,taybad,34.74,60.7756,22.870000000000005,30,80,3.36,IR,1680973199
249,timmins,48.4669,-81.3331,1.900000000000034,41,20,4.12,CA,1680973200
250,hambantota,6.1241,81.1185,27.180000000000007,71,97,3.73,LK,1680973200
251,hojai,26.0,92.8667,25.08000000000004,42,78,2.02,IN,1680973201
252,saint george,37.1041,-113.5841,16.350000000000023,29,0,0.0,US,1680973142
253,severo-kurilsk,50.6789,156.125,2.650000000000034,99,100,1.24,RU,1680973206
254,thompson,55.7435,-97.8558,0.09000000000003183,55,20,5.66,CA,1680973208
255,anadyr,64.75,177.4833,-28.71999999999997,83,20,3.0,RU,1680973216
256,smithers,54.7804,-127.1743,6.180000000000007,49,75,3.09,CA,1680973220
257,port hardy,50.6996,-127.4199,7.0,100,100,4.12,CA,1680973220
258,serenje,-13.2325,30.2352,17.170000000000016,96,99,2.12,ZM,1680973221
259,mount gambier,-37.8333,140.7667,11.57000000000005,68,100,4.27,AU,1680973151
260,san patricio,28.017,-97.5169,16.920000000000016,73,93,3.71,US,1680973233
261,bad orb,50.2279,9.3478,11.490000000000009,83,99,2.88,DE,1680973234
262,faranah,10.0404,-10.7434,35.47000000000003,23,84,4.57,GN,1680973235
263,faanui,-16.4833,-151.75,28.230000000000018,76,13,10.25,PF,1680973236
264,paamiut,61.994,-49.6678,-1.349999999999966,79,66,6.27,GL,1680973237
265,moose factory,51.2585,-80.6094,5.0,35,100,7.2,CA,1680973238
266,ous,60.9058,61.5186,-2.759999999999991,95,30,1.91,RU,1680973239
267,troitskoye,52.9821,84.6757,-5.899999999999977,75,24,3.39,RU,1680973240
268,huangpi,30.8845,114.3779,14.060000000000002,72,0,2.0,CN,1680973241
269,georgetown,5.4112,100.3354,26.970000000000027,89,20,2.06,MY,1680973010
270,dovers,12.8833,-61.1833,27.77000000000004,73,100,8.99,VC,1680973242
271,morgan city,29.6994,-91.2068,20.360000000000014,87,100,3.04,US,1680973225
272,marystown,47.1666,-55.1483,-0.07999999999998408,100,98,4.47,CA,1680973242
273,avera,33.194,-82.5271,8.730000000000018,96,100,6.68,US,1680973243
274,locri,38.2414,16.2623,13.07000000000005,76,41,2.58,IT,1680973243
275,saint-georges,12.0564,-61.7485,28.82000000000005,70,20,10.29,GD,1680973243
276,santa rosa,14.3122,121.1114,27.99000000000001,76,69,4.64,PH,1680973084
277,canete,-37.8,-73.4,19.189999999999998,40,24,3.07,CL,1680973244
278,biak,-0.9131,122.8766,24.879999999999995,78,100,2.96,ID,1680973245
279,plettenberg bay,-34.0527,23.3716,13.850000000000023,95,100,1.57,ZA,1680973245
280,sitarganj,28.9333,79.7,23.660000000000025,15,0,2.4,IN,1680973246
281,saint-francois,46.4154,3.9054,14.689999999999998,50,0,4.12,FR,1680973246
282,geraldton,-28.7667,114.6,14.230000000000018,82,0,2.57,AU,1680973246
283,hay river,60.8156,-115.7999,6.990000000000009,53,39,6.17,CA,1680973224
284,howard springs,-12.497,131.047,25.950000000000045,97,100,6.49,AU,1680973247
285,lokoja,7.8024,6.743,37.650000000000034,31,100,2.4,NG,1680973247
286,vila do maio,15.1333,-23.2167,26.439999999999998,76,87,9.01,CV,1680973247
287,murakami,38.2333,139.4833,4.970000000000027,79,100,16.29,JP,1680973247
288,urucui,-7.2294,-44.5561,29.77000000000004,67,65,0.98,BR,1680973247
289,ipora,-16.4419,-51.1178,23.640000000000043,80,100,1.49,BR,1680973248
290,coahuayana,18.7333,-103.6833,32.08000000000004,30,0,3.28,MX,1680973248
291,nabire,-3.3667,135.4833,27.600000000000023,75,100,3.83,ID,1680973248
292,lompoc,34.6391,-120.4579,18.120000000000005,82,96,1.34,US,1680973249
293,barrow,71.2906,-156.7887,-32.98999999999998,75,0,5.14,US,1680973249
294,sugod,12.987,124.0805,24.660000000000025,88,65,2.9,PH,1680973249
295,tuatapere,-46.1333,167.6833,6.640000000000043,93,99,1.33,NZ,1680973249
296,springbok,-29.6643,17.8865,12.950000000000045,50,19,5.02,ZA,1680973249
297,husavik,66.0449,-17.3389,3.390000000000043,94,88,7.03,IS,1680973250
298,manaure,11.7751,-72.4445,25.910000000000025,82,82,5.66,CO,1680973250
299,tiarei,-17.5333,-149.3333,26.010000000000048,79,83,10.64,PF,1680973250
300,arlit,18.7369,7.3853,36.73000000000002,10,3,5.45,NE,1680973250
301,caravelas,-17.7125,-39.2481,28.890000000000043,63,15,4.3,BR,1680973250
302,seddon,-37.8068,144.8916,13.189999999999998,80,75,5.66,AU,1680973251
303,biltine,14.5333,20.9167,35.08000000000004,8,2,3.34,TD,1680973251
304,fengzhen,40.4394,113.1536,4.53000000000003,57,45,0.7,CN,1680973251
305,taoudenni,22.6783,-3.9836,32.10000000000002,11,100,3.73,ML,1680973251
306,gazli,40.1333,63.45,21.49000000000001,21,28,3.74,UZ,1680973252
307,hueyapan,18.8667,-98.6667,22.350000000000023,41,1,4.17,MX,1680973252
308,belinskiy,52.9647,43.4165,7.4500000000000455,53,77,3.0,RU,1680973252
309,heishan,41.6892,122.1128,11.28000000000003,27,11,5.66,CN,1680973252
310,asau,46.4333,26.4,5.710000000000036,98,99,0.33,RO,1680973252
311,oda,35.1833,132.5,9.629999999999995,51,0,2.22,JP,1680973252
312,bacolod,10.6667,122.95,25.99000000000001,77,82,5.33,PH,1680973231
313,havoysund,70.9963,24.6622,2.1299999999999955,77,100,6.13,NO,1680973253
314,bethel,41.3712,-73.414,9.950000000000045,29,0,4.12,US,1680973012
315,ust-nera,64.5667,143.2,-22.899999999999977,99,92,1.35,RU,1680973253
316,constantine,36.365,6.6147,19.670000000000016,26,0,3.09,DZ,1680973253
317,zunyi,27.6867,106.9072,12.879999999999995,67,92,1.77,CN,1680973254
318,vanimo,-2.6741,141.3028,26.75,80,100,5.62,PG,1680973254
319,atambua,-9.1061,124.8925,23.03000000000003,80,100,1.41,ID,1680973254
320,kowary,50.7931,15.8356,6.32000000000005,92,97,6.26,PL,1680973175
321,sonoita,31.85,-112.8333,23.060000000000002,10,8,0.8,MX,1680973254
322,tommot,58.9564,126.2925,-9.909999999999968,95,100,2.91,RU,1680973255
323,trapani,37.8333,12.6667,15.050000000000011,72,0,5.14,IT,1680973255
324,vylkove,45.4021,29.586,10.54000000000002,57,100,3.61,UA,1680973255
325,vardo,70.3705,31.1107,1.990000000000009,87,100,7.72,NO,1680973255
326,bathsheba,13.2167,-59.5167,29.340000000000032,61,20,10.29,BB,1680973256
327,auki,-8.7676,160.7034,27.79000000000002,74,96,1.02,SB,1680973256
328,saskylakh,71.9167,114.0833,-20.49999999999997,99,100,4.03,RU,1680973256
329,litovko,49.2361,135.1742,-0.589999999999975,89,100,1.87,RU,1680973256
330,beloha,-25.1667,45.05,24.82000000000005,79,42,4.01,MG,1680973256
331,mangrol,21.1167,70.1167,26.090000000000032,68,63,4.66,IN,1680973257
332,itaituba,-4.2761,-55.9836,32.09000000000003,58,40,5.14,BR,1680973257
333,indiaroba,-11.5192,-37.5117,26.930000000000007,81,99,3.69,BR,1680973257
334,pindobacu,-10.7417,-40.3608,34.43000000000001,28,60,5.16,BR,1680973257
335,altoona,40.5187,-78.3947,9.57000000000005,41,95,0.89,US,1680972959
336,qasigiannguit,68.8193,-51.1922,-5.859999999999957,88,88,2.42,GL,1680973258
337,eyl,7.9803,49.8164,28.27000000000004,67,7,6.39,SO,1680973258
338,cabo san lucas,22.8909,-109.9124,27.560000000000002,52,1,0.89,MX,1680973258
339,pershotravneve,51.3929,28.8684,8.450000000000045,95,100,1.26,UA,1680973258
340,cockburn town,21.4612,-71.1419,26.980000000000018,61,40,2.57,TC,1680973259
341,berdigestyakh,62.0989,126.6992,-16.939999999999998,94,100,3.63,RU,1680973259
342,buala,-8.145,159.5921,27.470000000000027,78,100,2.98,SB,1680973259
343,san ramon,37.7799,-121.978,14.560000000000002,78,40,1.54,US,1680973059
344,katsuura,35.1333,140.3,7.420000000000016,63,89,4.8,JP,1680973260
345,longhua,23.6137,114.1919,15.129999999999995,81,8,0.74,CN,1680973261
346,mariestad,58.7097,13.8237,10.260000000000048,72,23,2.62,SE,1680973261
347,matara,5.9485,80.5353,24.670000000000016,88,100,2.61,LK,1680973261
348,semporna,4.4818,118.6112,24.260000000000048,92,82,2.02,MY,1680973262
349,natal,-5.795,-35.2094,30.360000000000014,74,75,4.12,BR,1680973266
350,champerico,14.3,-91.9167,31.30000000000001,61,7,3.71,GT,1680973266
351,port macquarie,-31.4333,152.9167,13.270000000000039,75,0,1.32,AU,1680973242
352,sao marcos,-28.9711,-51.0681,19.74000000000001,82,100,1.47,BR,1680973268
353,xichang,27.8964,102.2634,12.470000000000027,66,0,2.2,CN,1680973269
354,srikakulam,18.3,83.9,27.110000000000014,76,0,1.68,IN,1680973269
355,porto novo,6.4965,2.6036,30.900000000000034,71,95,5.31,BJ,1680973233
356,salinas,36.6777,-121.6555,16.27000000000004,80,100,2.06,US,1680973203
357,waverly,42.7392,-84.6208,11.75,51,69,3.62,US,1680973272
358,chandbali,20.7833,86.7667,28.07000000000005,63,5,3.76,IN,1680973273
359,kingman,35.1894,-114.053,19.75,13,94,0.89,US,1680973206
360,la rochelle,46.1667,-1.15,18.04000000000002,45,0,6.17,FR,1680972982
361,oistins,13.0667,-59.5333,29.05000000000001,61,20,10.29,BB,1680973275
362,sur,22.5667,59.5289,26.970000000000027,59,76,3.42,OM,1680973277
363,chipinge,-20.1883,32.6236,18.49000000000001,62,31,2.55,ZW,1680973277
364,pecos,31.4229,-103.4932,18.470000000000027,59,40,3.6,US,1680973275
365,faya,18.3851,42.4509,19.060000000000002,46,32,4.53,SA,1680973278
366,asfi,32.2994,-9.2372,18.30000000000001,78,49,6.28,MA,1680973279
367,akyab,20.15,92.9,27.189999999999998,73,0,4.01,MM,1680973279
368,marawi,7.9986,124.2928,20.010000000000048,92,94,1.06,PH,1680973280
369,college,64.8569,-147.8028,-11.0,72,75,2.06,US,1680973282
370,aquiraz,-3.9014,-38.3911,26.210000000000036,74,81,2.43,BR,1680973282
371,tari,12.4086,4.4914,40.85000000000002,9,48,2.6,NG,1680973284
372,belmonte,-15.8631,-38.8828,28.379999999999995,70,92,3.46,BR,1680973285
373,komsomolskiy,40.4272,71.7189,16.400000000000034,51,75,4.12,UZ,1680973285
374,abu dhabi,24.4667,54.3667,26.640000000000043,52,0,5.66,AE,1680973079
375,acarau,-2.8856,-40.12,28.32000000000005,75,75,3.19,BR,1680973275
376,akropong,5.9746,-0.0854,27.53000000000003,58,88,5.14,GH,1680973290
377,xique-xique,-10.8218,-42.7263,33.24000000000001,43,61,1.45,BR,1680973291
378,ierapetra,35.01,25.7353,15.080000000000041,72,100,1.79,GR,1680973292
379,leningradskiy,69.3833,178.4167,-25.319999999999965,91,85,4.96,RU,1680973292
380,laguna,38.421,-121.4238,17.230000000000018,64,20,2.57,US,1680973040
381,bundu,23.1833,85.5833,30.120000000000005,17,74,2.06,IN,1680973293
382,narsaq,60.9167,-46.05,4.1200000000000045,67,47,0.7,GL,1680973294
383,campo maior,-4.8278,-42.1686,29.720000000000027,69,92,1.9,BR,1680973295
384,hailar,49.2,119.7,5.220000000000027,28,48,1.78,CN,1680973295
385,omsukchan,62.5333,155.8,-22.93999999999997,100,35,1.5,RU,1680973295
386,talnakh,69.4865,88.3972,-28.21999999999997,91,22,0.96,RU,1680973296
387,inuvik,68.3499,-133.7218,-18.519999999999982,71,40,2.57,CA,1680973228
388,bang sao thong,13.595,100.8304,29.54000000000002,89,20,1.54,TH,1680973296
389,ahipara,-35.1667,173.1667,15.25,93,96,2.94,NZ,1680973297
390,roanoke,37.271,-79.9414,10.580000000000041,68,100,4.63,US,1680973086
391,comodoro rivadavia,-45.8667,-67.5,16.920000000000016,36,0,5.14,AR,1680973272
392,colon,9.3592,-79.9014,29.110000000000014,62,76,5.02,PA,1680973298
393,basco,20.4487,121.9702,22.760000000000048,76,100,12.21,PH,1680973298
394,havelock,34.8791,-76.9013,11.080000000000041,91,100,9.26,US,1680973206
395,donji milanovac,44.4627,22.1523,4.610000000000014,99,100,1.08,RS,1680973299
396,vilhena,-12.7406,-60.1458,28.120000000000005,69,40,4.12,BR,1680973299
397,flin flon,54.7682,-101.865,-1.089999999999975,64,0,3.6,CA,1680973299
398,muros,42.7762,-9.0603,25.930000000000007,70,97,1.79,ES,1680973300
399,rantepao,-2.9701,119.8978,18.150000000000034,96,90,1.87,ID,1680973300
400,maniitsoq,65.4167,-52.9,-3.419999999999959,75,2,9.35,GL,1680973300
401,mahon,39.8885,4.2658,16.310000000000002,67,20,4.12,ES,1680973301
402,zapolyarnyy,69.4154,30.8136,2.6000000000000227,93,100,4.54,RU,1680973301
403,sao filipe,14.8961,-24.4956,22.5,75,96,6.79,CV,1680973301
404,nyurba,63.2842,118.3319,-19.059999999999974,91,100,4.7,RU,1680973302
405,lorengau,-2.0226,147.2712,25.600000000000023,87,100,3.01,PG,1680973302
406,opuwo,-18.0607,13.84,22.410000000000025,63,100,0.53,NA,1680973302
407,arroyo,41.6096,-4.7969,24.52000000000004,25,0,2.57,ES,1680973303
408,labuhan,-6.8844,112.2051,25.460000000000036,85,100,2.62,ID,1680973303
409,korla,41.7597,86.1469,12.960000000000036,20,0,0.42,CN,1680973303
410,olga,43.7444,135.2892,-0.3100000000000023,57,7,2.39,RU,1680973303
411,sciacca,37.5082,13.0881,15.020000000000039,69,15,2.19,IT,1680973304
412,roald,62.5833,6.1333,12.510000000000048,71,0,8.23,NO,1680973291
413,tautira,-17.7333,-149.15,28.03000000000003,76,77,8.89,PF,1680973304
414,torbay,47.6666,-52.7314,2.4399999999999977,64,75,8.23,CA,1680973252
415,fortuna,40.5982,-124.1573,11.629999999999995,83,100,1.34,US,1680973305
416,urusha,54.05,122.9,-5.949999999999989,97,100,1.27,RU,1680973305
417,seeboden,46.8219,13.495,8.390000000000043,95,100,1.21,AT,1680973305
418,ilo,-17.6394,-71.3375,25.480000000000018,65,0,5.14,PE,1680973305
419,cruzeiro do sul,-29.5128,-51.9853,23.600000000000023,81,99,1.61,BR,1680973305
420,gotsu,35.0,132.2167,8.420000000000016,60,3,0.81,JP,1680973306
421,shitanjing,39.2342,106.3439,10.060000000000002,16,0,4.89,CN,1680973306
422,ixtapa,20.7,-105.2,32.200000000000045,27,0,2.64,MX,1680973306
423,zliv,49.0661,14.3661,5.900000000000034,82,100,0.41,CZ,1680973306
424,tiznit,29.5833,-9.5,23.82000000000005,24,87,4.1,MA,1680973306
425,puerto del rosario,28.5004,-13.8627,20.860000000000014,64,40,8.75,ES,1680973307
426,lavrentiya,65.5833,-171.0,-22.809999999999974,93,100,2.76,RU,1680973307
427,barranca,-10.75,-77.7667,27.060000000000002,66,100,4.61,PE,1680973050
428,polyarnyy,69.1989,33.4478,1.4600000000000364,90,100,6.74,RU,1680973307
429,ketchikan,55.3422,-131.6461,5.990000000000009,97,100,5.47,US,1680973307
430,bay roberts,47.5999,-53.2648,2.8600000000000136,59,75,4.02,CA,1680973308
431,kavieng,-2.5744,150.7967,26.360000000000014,82,100,4.15,PG,1680973308
432,sangar,63.9242,127.4739,-18.25999999999999,94,100,3.37,RU,1680973308
433,ust-tsilma,65.441,52.1498,0.5200000000000387,91,87,4.35,RU,1680973308
434,varhaug,58.6147,5.6457,9.75,67,100,1.65,NO,1680973309
435,san quintin,30.4833,-115.95,16.430000000000007,67,2,5.06,MX,1680973309
436,ben tre,10.2333,106.3833,27.140000000000043,77,37,4.09,VN,1680973309
437,cap malheureux,-19.9842,57.6142,25.82000000000005,77,55,0.89,MU,1680973277
438,tuy hoa,13.0833,109.3,24.260000000000048,91,9,2.32,VN,1680973310
439,bac lieu,9.285,105.7244,28.129999999999995,72,43,7.37,VN,1680973310
440,ponta do sol,32.6667,-17.1,20.07000000000005,63,92,0.47,PT,1680973310
441,saskatoon,52.1168,-106.6345,0.9900000000000091,69,75,7.72,CA,1680973231
442,alice springs,-23.7,133.8833,16.75,71,47,2.57,AU,1680973310
443,strathmore,51.0501,-113.3852,11.670000000000016,61,43,3.09,CA,1680973311
444,tarko-sale,64.9225,77.785,-25.49999999999997,90,9,7.0,RU,1680973311
445,eenhana,-17.4667,16.3333,25.260000000000048,42,100,1.2,NA,1680973311
446,isangel,-19.55,169.2667,25.710000000000036,87,40,1.62,VU,1680973311
447,trudovoye,43.3058,132.0817,-3.1499999999999773,100,14,1.0,RU,1680973311
448,raudeberg,61.9875,5.1352,9.370000000000005,61,86,4.37,NO,1680973312
449,pitea,65.3172,21.4794,6.050000000000011,100,86,2.19,SE,1680973312
450,strangnas,59.3774,17.0312,10.990000000000009,70,35,1.75,SE,1680973312
451,moron,-34.6534,-58.6198,26.670000000000016,44,0,1.82,AR,1680973313
452,raybag,16.4833,74.7833,27.970000000000027,45,71,6.19,IN,1680973313
453,lata,40.1629,-8.3327,26.620000000000005,35,84,3.38,PT,1680973313
454,northam,51.0333,-4.2167,12.560000000000002,61,100,6.39,GB,1680973313
455,vrangel,42.7297,133.0839,2.160000000000025,71,6,3.15,RU,1680973314
456,christchurch,-43.5333,172.6333,13.28000000000003,70,20,4.02,NZ,1680973273
457,tessalit,20.1986,1.0114,31.670000000000016,9,71,6.06,ML,1680973314
458,lincoln,40.8,-96.667,20.08000000000004,33,0,4.47,US,1680973276
459,half moon bay,37.4636,-122.4286,15.460000000000036,82,100,3.09,US,1680973314
460,salalah,17.0151,54.0924,27.100000000000023,72,6,2.08,OM,1680973134
461,finschhafen,-6.6024,147.8681,26.060000000000002,84,100,1.79,PG,1680973315
462,mbanza-ngungu,-5.25,14.8667,22.480000000000018,88,100,1.47,CD,1680973315
463,toro,4.6117,-76.0814,27.379999999999995,57,71,0.16,CO,1680973315
464,glossa,35.4717,23.7763,13.379999999999995,79,100,1.73,GR,1680973315
465,iglesias,39.3114,8.535,17.660000000000025,75,11,3.49,IT,1680973316
466,luganville,-15.5333,167.1667,26.100000000000023,87,19,1.91,VU,1680973292
467,krasnyy chikoy,50.3643,108.7512,-1.2699999999999818,91,56,1.31,RU,1680973316
468,itamaraju,-17.0392,-39.5311,33.73000000000002,41,62,4.21,BR,1680973316
469,humaita,-7.5061,-63.0208,26.150000000000034,93,62,1.18,BR,1680973316
470,coihueco,-36.6167,-71.8333,18.410000000000025,39,0,2.06,CL,1680973317
471,kuytun,54.3419,101.5036,-5.609999999999957,73,100,1.62,RU,1680973317
472,nizhniy ingash,56.2,96.53,-9.849999999999966,89,90,2.13,RU,1680973317
473,cape coast,5.1053,-1.2466,29.02000000000004,75,39,7.54,GH,1680973317
474,ukiah,39.1502,-123.2078,10.760000000000048,85,100,1.54,US,1680973318
475,babushkin,51.7122,105.8647,-3.4399999999999977,91,100,0.72,RU,1680973318
476,havre-saint-pierre,50.2334,-63.5986,-4.7999999999999545,39,0,7.2,CA,1680973318
477,pascagoula,30.3658,-88.5561,20.400000000000034,99,100,2.58,US,1680973303
478,port-gentil,-0.7193,8.7815,29.980000000000018,74,40,6.17,GA,1680973318
479,calatayud,41.3535,-1.6432,22.58000000000004,24,46,5.8,ES,1680973305
480,oksfjord,70.2396,22.3479,4.100000000000023,99,100,2.34,NO,1680973319
481,chama,47.1821,8.4636,11.150000000000034,66,100,1.03,CH,1680973319
482,nikki,9.9401,3.2108,36.900000000000034,21,89,2.85,BJ,1680973319
483,srivardhan,18.0333,73.0167,28.230000000000018,65,45,1.54,IN,1680973319
484,bonavista,48.6499,-53.1147,-1.7299999999999613,72,96,7.78,CA,1680973320
485,hondo,32.45,130.2,11.830000000000041,53,2,0.7,JP,1680973320
486,zaysan,47.4667,84.8667,-0.17999999999994998,74,98,5.26,KZ,1680973321
487,oranjemund,-28.55,16.4333,15.230000000000018,73,55,9.36,NA,1680973181
488,tacoronte,28.4769,-16.4102,16.850000000000023,71,40,4.63,ES,1680973321
489,tres arroyos,-38.3739,-60.2798,27.129999999999995,35,26,5.53,AR,1680973322
490,burgos,42.3394,-3.7079,22.230000000000018,20,0,1.03,ES,1680973322
491,sampit,-2.5333,112.95,23.610000000000014,92,97,1.3,ID,1680973323
492,kuala pilah,2.7389,102.2487,23.260000000000048,97,53,0.99,MY,1680973323
493,ust-koksa,50.2696,85.6108,-5.2999999999999545,93,75,1.62,RU,1680973325
494,eidsvag,62.7767,8.0668,10.03000000000003,93,29,1.14,NO,1680973325
495,bindura,-17.3019,31.3306,20.0,55,15,1.59,ZW,1680973325
496,pafos,34.7667,32.4167,16.879999999999995,72,0,0.0,CY,1680973326
497,moncada,39.5456,-0.3955,19.220000000000027,72,0,6.69,ES,1680973326
498,hualmay,-11.0964,-77.6139,27.200000000000045,68,92,4.62,PE,1680973328
499,pangoa,-12.1167,-73.0,22.24000000000001,94,99,1.29,PE,1680973329
500,bryan,30.6744,-96.37,14.310000000000002,93,100,2.57,US,1680973329
501,bongor,10.2806,15.3722,39.150000000000034,14,98,2.89,TD,1680973330
502,tucurui,-3.7661,-49.6725,25.260000000000048,91,100,2.2,BR,1680973148
503,vila,42.0304,-8.1588,19.83000000000004,41,99,1.7,PT,1680973330
504,edgewater,28.9889,-80.9023,31.170000000000016,66,40,5.14,US,1680973331
505,nara,34.6851,135.8049,7.2000000000000455,49,2,2.61,JP,1680973056
506,millinocket,45.6573,-68.7098,0.6200000000000045,53,75,4.53,US,1680973333
507,palmer,42.1584,-72.3287,10.260000000000048,26,47,2.68,US,1680973333
508,coquimbo,-29.9533,-71.3436,16.850000000000023,88,100,3.6,CL,1680973140
509,bayan,46.0833,127.4,3.0400000000000205,27,19,3.58,CN,1680973334
510,chapais,49.7834,-74.8492,-1.1200000000000045,74,100,4.2,CA,1680973334
511,san-pedro,4.7485,-6.6363,28.58000000000004,72,87,4.35,CI,1680973288
512,monrovia,6.3005,-10.7969,31.870000000000005,73,100,5.59,LR,1680973335
513,didwana,27.4,74.5667,27.390000000000043,15,29,3.62,IN,1680973336
514,rudsar,37.1376,50.288,17.99000000000001,46,84,5.95,IR,1680973337
515,marevo,57.3146,32.0804,7.640000000000043,66,26,0.3,RU,1680973337
516,naranjal,-2.6667,-79.6167,31.420000000000016,65,72,2.4,EC,1680973338
517,betong,5.7743,101.0723,21.80000000000001,98,47,1.03,TH,1680973338
518,canyon,34.9803,-101.9188,20.260000000000048,31,2,4.09,US,1680973339
519,podlesnoye,51.8161,47.009,7.3700000000000045,55,6,3.34,RU,1680973339
520,los reyes,19.35,-98.9667,21.060000000000002,52,0,0.0,MX,1680973333
521,los llanos de aridane,28.6585,-17.9182,18.860000000000014,67,75,3.58,ES,1680973340
522,tra vinh,9.9347,106.3453,27.390000000000043,76,43,4.96,VN,1680973341
523,yomou,7.5603,-9.2653,23.689999999999998,90,98,1.4,GN,1680973342
524,namtsy,62.7161,129.6658,-14.079999999999984,76,100,5.94,RU,1680973343
525,antofagasta,-23.65,-70.4,22.600000000000023,71,9,3.34,CL,1680973212
526,ocna sibiului,45.8833,24.05,7.1200000000000045,76,40,2.57,RO,1680973343
527,san cristobal,7.7669,-72.225,24.100000000000023,53,100,3.17,VE,1680973344
528,mayna,54.1135,47.6231,4.420000000000016,40,0,2.61,RU,1680973345
529,borovskoy,53.8,64.15,0.07000000000005002,44,3,3.06,KZ,1680973345
530,aljezur,37.3191,-8.8033,20.879999999999995,47,8,0.69,PT,1680973345
531,shepsi,44.0361,39.1489,9.810000000000002,93,100,3.78,RU,1680973346
532,sao felix do xingu,-6.6447,-51.995,22.100000000000023,98,100,0.29,BR,1680973260
533,tamandare,-8.7597,-35.1047,28.350000000000023,74,70,4.32,BR,1680973348
534,vila franca do campo,37.7167,-25.4333,15.230000000000018,58,70,4.22,PT,1680973348
535,falun,60.6036,15.626,10.230000000000018,99,95,1.26,SE,1680973348
536,nagato,34.3833,131.2,11.450000000000045,54,1,3.57,JP,1680973314
537,linxia,35.6003,103.2064,9.82000000000005,44,1,1.25,CN,1680973349
538,teya,60.3778,92.6267,-8.239999999999952,92,100,4.61,RU,1680973350
539,acapulco,16.8634,-99.8901,29.75,50,0,2.76,MX,1680973198
540,abnub,27.2696,31.1511,36.120000000000005,6,100,2.95,EG,1680973351
541,bondo,3.8146,23.6866,24.370000000000005,77,93,0.77,CD,1680973352
542,kharagpur,22.3333,87.3333,28.460000000000036,55,2,3.08,IN,1680973352
543,lodja,-3.4833,23.4333,22.49000000000001,95,86,1.65,CD,1680973352
544,chiang klang,19.2938,100.8617,29.090000000000032,52,56,1.0,TH,1680973353
545,pedernales,18.0384,-71.744,27.960000000000036,58,2,3.04,DO,1680973354
546,filingue,14.3521,3.3168,40.05000000000001,10,100,4.03,NE,1680973354
547,carazinho,-28.2839,-52.7864,22.689999999999998,69,98,2.57,BR,1680973249
548,ada,43.4166,-116.1262,11.340000000000032,60,100,1.54,US,1680973355
549,sao miguel do araguaia,-13.275,-50.1628,29.340000000000032,64,74,1.72,BR,1680973355
550,codrington,-38.2667,141.9667,12.370000000000005,64,100,8.07,AU,1680973355
551,ulaangom,49.9811,92.0667,-2.3100000000000023,73,76,2.76,MN,1680973356
552,iralaya,15.0,-83.2333,28.29000000000002,62,2,4.23,HN,1680973356
553,rocha,-34.4833,-54.3333,24.77000000000004,42,2,1.68,UY,1680973358
554,prieska,-29.6641,22.7474,24.120000000000005,26,72,6.09,ZA,1680973359
555,englewood,39.6478,-104.9878,19.640000000000043,22,87,3.13,US,1680973323
556,odweyne,9.4092,45.064,27.470000000000027,33,24,6.45,SO,1680973359
557,itamaraca,-7.7478,-34.8256,28.03000000000003,67,95,4.0,BR,1680973293
558,diamantino,-14.4086,-56.4461,26.54000000000002,81,99,1.59,BR,1680973360
559,kudahuvadhoo,2.6708,72.8944,28.629999999999995,71,46,3.76,MV,1680973360
560,makokou,0.5738,12.8642,25.010000000000048,87,100,0.39,GA,1680973361
561,elko,41.0002,-115.5012,6.240000000000009,89,97,0.84,US,1680973225
562,grabouw,-34.1515,19.0151,15.25,75,99,2.42,ZA,1680973361
563,cascais,38.6979,-9.4215,23.640000000000043,44,0,4.12,PT,1680973362
564,manokwari,-0.8667,134.0833,25.58000000000004,79,100,1.85,ID,1680973362
565,bayir,37.2687,28.2167,13.29000000000002,68,100,1.85,TR,1680973362
566,petropavlovsk-kamchatskiy,53.0452,158.6483,-1.669999999999959,100,75,1.0,RU,1680973363
567,labuan,5.2767,115.2417,25.200000000000045,88,20,0.0,MY,1680973363
568,aitape,-3.1374,142.3475,24.840000000000032,87,100,1.48,PG,1680973363
569,tayoltita,24.0833,-105.9333,28.060000000000002,9,9,2.14,MX,1680973363
